,year,income
0,2020,41288.69409441762
1,2021,42117.15916964039
2,2022,42945.624244862935
3,2023,43774.08932008571
4,2024,44602.554395308485
5,2025,45431.01947053103
6,2026,46259.4845457538
7,2027,47087.94962097658
8,2028,47916.414696199354
9,2029,48744.879771421896
